cluster,model,observable,tracer,shape_y,shape_x,spatial_block_count,target_blocks_per_axis,observed_ratio,bootstrap_n,block_ratio_mean,block_ratio_sd,block_ratio_p05,block_ratio_p50,block_ratio_p95,log_ratio_se
abell2744,merten_v1,kappa,chandra_xray_sigma1,180,180,461,24,1.424557072131549,500,1.4194893170256897,0.12289157780521393,1.222637315013007,1.4131719921838433,1.638545885321531,0.08672742981021375
abell2744,merten_v1,kappa,chandra_xray_radius_exposure_residual_z,180,180,461,24,1.6861625132037086,500,1.6669068346320497,0.18168666643434087,1.3587751140141033,1.6713787569512388,1.9532929669574999,0.11191472210077802
abell2744,merten_v1,magnif,chandra_xray_sigma1,180,180,461,24,1.408582355980568,500,1.3916182027871766,0.12955985885370513,1.1781691101073728,1.3943406056168874,1.5970731903424025,0.0943478399201248
abell2744,merten_v1,magnif,chandra_xray_radius_exposure_residual_z,180,180,461,24,1.6829343830896257,500,1.674762080812092,0.17440375388409962,1.4004362465826812,1.670606565058209,1.949185049888367,0.10594121842752934
abell2744,cats_v4.1,kappa,chandra_xray_sigma1,2000,2000,576,24,1.195118258910453,500,1.2071944648627146,0.12460270494930549,1.0288067881399319,1.1951174051869244,1.4112623497812822,0.10196110523968212
abell2744,cats_v4.1,kappa,chandra_xray_radius_exposure_residual_z,2000,2000,576,24,1.602312895976148,500,1.6134999255148557,0.21533052810426034,1.2461684736239493,1.6268329699304804,1.9347343752723989,0.13835910626377596
abell2744,cats_v4.1,magnif,chandra_xray_sigma1,2000,2000,576,24,1.1904133596792894,500,1.2003783658813167,0.11645253511470402,1.0324424363824145,1.1940908999695266,1.4062355920945184,0.0951824166827547
abell2744,cats_v4.1,magnif,chandra_xray_radius_exposure_residual_z,2000,2000,576,24,1.700509060824802,500,1.6870107294589107,0.2208099007917971,1.3501994377394437,1.683454118202178,2.028064930001054,0.1340839437170739
abell2744,diego_v4.1,kappa,chandra_xray_sigma1,512,512,576,24,1.186700896983039,500,1.1863652031158745,0.14934186116305218,0.9354378296071029,1.1868613640815653,1.4338070837029437,0.12881266698733215
abell2744,diego_v4.1,kappa,chandra_xray_radius_exposure_residual_z,512,512,576,24,1.7240592195543765,500,1.709732290267611,0.448652897701178,0.9654763767627885,1.6694993890414218,2.504031696104339,0.2759868691518245
abell2744,diego_v4.1,magnif,chandra_xray_sigma1,512,512,576,24,1.3563446704810216,500,1.361263568526665,0.15778665092750652,1.107431938647526,1.3523866321817488,1.627747463287074,0.11622978232946726
abell2744,diego_v4.1,magnif,chandra_xray_radius_exposure_residual_z,512,512,576,24,1.9115809083620245,500,1.9547565189495355,0.3702822236749961,1.3929075613639743,1.9485048533504714,2.6048703304339726,0.19215746579911178
abell2744,williams_v4,kappa,chandra_xray_sigma1,678,678,576,24,2.537316749158862,500,2.544293603965067,0.30280462745512143,2.08159854188159,2.516614442541007,3.0810406319752577,0.11791010614140905
abell2744,williams_v4,kappa,chandra_xray_radius_exposure_residual_z,678,678,576,24,2.2382897100384023,500,2.263360075259303,0.33049008530779644,1.7352269523571693,2.2641341163899185,2.821238643301954,0.14899597303785986
abell2744,williams_v4,magnif,chandra_xray_sigma1,678,678,566,24,3.331941697829754,500,3.335824717992456,0.32926248337697284,2.8345420549463647,3.3241292231390203,3.907155230254579,0.09803372798938069
abell2744,williams_v4,magnif,chandra_xray_radius_exposure_residual_z,678,678,566,24,2.8079340180997274,500,2.8156523039581516,0.3742911082301525,2.234199188160692,2.787034778154643,3.4453106175630457,0.13423164361536435
abell370,merten_v1,kappa,chandra_xray_sigma1,240,240,520,24,1.515913951440433,500,1.5062113916500144,0.14677171885717388,1.2649072771830068,1.5085663810034404,1.7484765962234425,0.09850277878035926
abell370,merten_v1,kappa,chandra_xray_radius_exposure_residual_z,240,240,520,24,1.8508206330597892,500,1.8376190886598434,0.2582124208663749,1.4335319361214995,1.8346012682264137,2.2941597581396294,0.1430902760505147
abell370,merten_v1,magnif,chandra_xray_sigma1,240,240,520,24,1.5081888907071683,500,1.4916521518827153,0.14603763124514374,1.2370251139064796,1.4907925191589508,1.727345895397038,0.10051456536836147
abell370,merten_v1,magnif,chandra_xray_radius_exposure_residual_z,240,240,520,24,1.8370585197365108,500,1.8320776755514339,0.23923465693695692,1.4220259030963738,1.8383381448444471,2.211033508994747,0.1351401134248976
abell370,cats_v4,kappa,chandra_xray_sigma1,3000,3000,576,24,1.3078526324434627,500,1.3200752993336358,0.13546229096066445,1.1198878501099725,1.3087039761818775,1.5535947406515096,0.10159639216725255
abell370,cats_v4,kappa,chandra_xray_radius_exposure_residual_z,3000,3000,576,24,1.403637117424507,500,1.3963935322308032,0.1454195731454074,1.1310827888286292,1.4030548820362758,1.6216940280550676,0.1065397504772984
abell370,cats_v4,magnif,chandra_xray_sigma1,3000,3000,576,24,1.302646048383497,500,1.3146717338588982,0.1416765558772985,1.113360120240335,1.3032683864962669,1.5651032900654391,0.10508135592461508
abell370,cats_v4,magnif,chandra_xray_radius_exposure_residual_z,3000,3000,576,24,1.3804429198796084,500,1.3930513871550663,0.1375793383468718,1.156754087743012,1.395767683923488,1.626267856064889,0.10012239912022189
abell370,diego_v4.1,kappa,chandra_xray_sigma1,512,512,576,24,1.2766361605072438,500,1.29548250346677,0.1386641349128596,1.0920042511843016,1.281362835381119,1.5567110473104404,0.104007391688247
abell370,diego_v4.1,kappa,chandra_xray_radius_exposure_residual_z,512,512,576,24,3.050882189393435,500,3.0712475731732374,0.7608120518757893,1.8904697688450485,3.0111712044298535,4.377499923307183,0.2660033117215284
abell370,diego_v4.1,magnif,chandra_xray_sigma1,512,512,576,24,1.0724642310252164,500,1.0706895069601765,0.1211084161549532,0.8848760423881847,1.0681506638520846,1.2723837972541185,0.11249533764263714
abell370,diego_v4.1,magnif,chandra_xray_radius_exposure_residual_z,512,512,576,24,2.38016313355541,500,2.357539579570491,0.49421330651054446,1.6477799767954173,2.3562703448735682,3.174035157293376,0.2168885697878999
abell370,williams_v4.1,kappa,chandra_xray_sigma1,749,749,576,24,1.283592880487944,500,1.293621819017946,0.1261464341025323,1.110600600567233,1.279730292719417,1.5159204844111471,0.09547100700776201
abell370,williams_v4.1,kappa,chandra_xray_radius_exposure_residual_z,749,749,576,24,2.6989581216880882,500,2.7085205044421716,0.7339968862991352,1.579867422252637,2.72279525971158,3.958523941439962,0.31286368376528656
abell370,williams_v4.1,magnif,chandra_xray_sigma1,749,749,576,24,0.7441254680211087,500,0.731832316227385,0.14536647316271414,0.504337357315762,0.7388414292776964,0.9611291894708675,0.20518923050427204
abell370,williams_v4.1,magnif,chandra_xray_radius_exposure_residual_z,749,749,576,24,1.253745232859985,500,1.242659712792336,0.2383085405894025,0.8606778695803263,1.2380940941448486,1.6317136122503308,0.1988968530608876
abells1063,merten_v1,kappa,chandra_xray_sigma1,132,132,202,24,1.2592859898211866,500,1.254669662484276,0.16782610514671348,1.0080072723941784,1.23634936324573,1.5342064597141116,0.1317078673694378
abells1063,merten_v1,kappa,chandra_xray_radius_exposure_residual_z,132,132,202,24,1.505714273208353,500,1.462042948190976,0.28076856997323185,0.9964288392325175,1.4772329626267593,1.879689089549813,0.21423816323129502
abells1063,merten_v1,magnif,chandra_xray_sigma1,132,132,202,24,1.2667762256915913,500,1.256891711031077,0.16172834899641822,1.0108178953182752,1.2512651743621492,1.5210424468444337,0.12914389314565147
abells1063,merten_v1,magnif,chandra_xray_radius_exposure_residual_z,132,132,202,24,1.515673441267654,500,1.4999541140103114,0.2553105201616465,1.072376730282479,1.4983593600556158,1.932431116488519,0.17881895205958848
abells1063,cats_v4.1,kappa,chandra_xray_sigma1,1500,1500,576,24,1.2645015070593968,500,1.2755747129689017,0.14145954960396706,1.0609232088359517,1.2689484782561957,1.5218582764450004,0.11000581243374953
abells1063,cats_v4.1,kappa,chandra_xray_radius_exposure_residual_z,1500,1500,576,24,1.5815319628104096,500,1.569903434201591,0.16106510915284783,1.3056431962523103,1.557213033048774,1.843497792811798,0.10313660761188957
abells1063,cats_v4.1,magnif,chandra_xray_sigma1,1500,1500,576,24,1.2700126203211628,500,1.2787756844574505,0.13223221439932187,1.0770257301094233,1.2669036427476819,1.5140264183659256,0.10196649961059062
abells1063,cats_v4.1,magnif,chandra_xray_radius_exposure_residual_z,1500,1500,576,24,1.6273829799681014,500,1.6256161678356955,0.1484208594423501,1.3804641748476516,1.617931706286145,1.869410216322707,0.09137990104536708
abells1063,diego_v4.1,kappa,chandra_xray_sigma1,512,512,576,24,1.3136186709192772,500,1.327898476072967,0.13620514711020484,1.1232426759875618,1.3135671019934922,1.5701209338280517,0.10141902266908923
abells1063,diego_v4.1,kappa,chandra_xray_radius_exposure_residual_z,512,512,576,24,1.675075084416025,500,1.6672977125056405,0.16970973117462057,1.3841252949009302,1.6657132097092686,1.9391362054500076,0.10299262020837659
abells1063,diego_v4.1,magnif,chandra_xray_sigma1,512,512,576,24,1.2627094302353437,500,1.2720740578388356,0.1254078892802175,1.0781956505986559,1.2683845122863733,1.4750298128078403,0.09789410356627098
abells1063,diego_v4.1,magnif,chandra_xray_radius_exposure_residual_z,512,512,576,24,1.5850087119817675,500,1.591244212447523,0.17699535411176592,1.3142219375055872,1.582181070909071,1.8924192826099622,0.11125074135369084
abells1063,williams_v4.1,kappa,chandra_xray_sigma1,799,799,576,24,1.3807119944995963,500,1.3822712609135022,0.1552175902029266,1.1507322066704722,1.360285838295792,1.6588875795075029,0.11047814318749025
abells1063,williams_v4.1,kappa,chandra_xray_radius_exposure_residual_z,799,799,576,24,2.0239544495609825,500,2.020352396847483,0.23806723899480264,1.6263417236359614,2.017049161608184,2.4133750091518027,0.11982199962113525
abells1063,williams_v4.1,magnif,chandra_xray_sigma1,799,799,576,24,1.3214435824268471,500,1.334241927776733,0.1422675067192955,1.116237659401641,1.3283236261852314,1.5754024231078068,0.10658353306938423
abells1063,williams_v4.1,magnif,chandra_xray_radius_exposure_residual_z,799,799,576,24,1.218881479378651,500,1.2095254275417044,0.20749516900097456,0.8492042534218343,1.2074314447465064,1.5339022931101738,0.17774389801600612
macs0416,merten_v1,kappa,chandra_xray_sigma1,180,180,516,24,1.4365217677232673,500,1.417291339343111,0.21340769287858372,1.0780186686380395,1.4258701457425131,1.7419151859333464,0.15725369840909512
macs0416,merten_v1,kappa,chandra_xray_radius_exposure_residual_z,180,180,516,24,1.5233890839419482,500,1.5106473397644582,0.23045035231077124,1.136268765284063,1.5044929789698802,1.8847798391477666,0.15582386313480073
macs0416,merten_v1,magnif,chandra_xray_sigma1,180,180,516,24,1.453444360333081,500,1.4296311650421951,0.18267814080210742,1.1423754312144692,1.4194446683486608,1.7205981414630824,0.1297195562936987
macs0416,merten_v1,magnif,chandra_xray_radius_exposure_residual_z,180,180,516,24,1.5504404273081966,500,1.5499611558163646,0.20907852320124723,1.1875202726083496,1.5500800951117242,1.881821562680068,0.13739798885046764
macs0416,cats_v4.1,kappa,chandra_xray_sigma1,1000,1000,576,24,1.6399616762503322,500,1.669034032336025,0.18750575403613962,1.39536514426491,1.656223510893243,2.016824723532411,0.11049052225605333
macs0416,cats_v4.1,kappa,chandra_xray_radius_exposure_residual_z,1000,1000,576,24,2.1665576629605408,500,2.149588408419864,0.20431874652871168,1.8339677040839535,2.1475063517190405,2.4666382421806867,0.09512818835400472
macs0416,cats_v4.1,magnif,chandra_xray_sigma1,1000,1000,576,24,1.6430959245655237,500,1.6730055034771492,0.1867602604485689,1.4013626837065183,1.6508343460099852,2.011551884494182,0.11005705494980197
macs0416,cats_v4.1,magnif,chandra_xray_radius_exposure_residual_z,1000,1000,576,24,2.1712450946197968,500,2.1838801656892275,0.2122035328382479,1.854710804121002,2.177045399081276,2.5268326274072375,0.09747642970214863
macs0416,diego_v4.1,kappa,chandra_xray_sigma1,512,512,576,24,1.664990707539365,500,1.6830391828324214,0.18095442703218262,1.4055432274771176,1.6698077889698273,2.000959078313541,0.10614842835852328
macs0416,diego_v4.1,kappa,chandra_xray_radius_exposure_residual_z,512,512,576,24,2.5669560963678606,500,2.5802895634265006,0.42371450616552914,1.8950125931381585,2.574934346593168,3.2305157440820023,0.17208470675867268
macs0416,diego_v4.1,magnif,chandra_xray_sigma1,512,512,576,24,1.6306335922070896,500,1.6432010206104437,0.16267477713489978,1.4128451540438134,1.6320325918515866,1.953173441121424,0.0979058872850942
macs0416,diego_v4.1,magnif,chandra_xray_radius_exposure_residual_z,512,512,576,24,2.6503707722718493,500,2.6437459079964287,0.36618102497554056,2.090583962028869,2.6264379329550236,3.251549875345351,0.13942284180348719
macs0416,williams_v4,kappa,chandra_xray_sigma1,648,648,576,24,2.2483028528569733,500,2.257800041307665,0.21664753923973457,1.9243912175577311,2.239558046534942,2.6250761432888363,0.09564413851503122
macs0416,williams_v4,kappa,chandra_xray_radius_exposure_residual_z,648,648,576,24,3.5106364801366934,500,3.4741612052346222,0.57900349957695,2.5704413272150406,3.461996388884068,4.439993762061356,0.17051663251553867
macs0416,williams_v4,magnif,chandra_xray_sigma1,648,648,520,24,2.1295570992470543,500,2.143900787947926,0.20416527597232015,1.8243835401113695,2.128480603568481,2.4826909643672965,0.09378178616597987
macs0416,williams_v4,magnif,chandra_xray_radius_exposure_residual_z,648,648,520,24,5.131154904557748,500,5.2199624847614015,0.6733309954448499,4.153543216690862,5.186211735036093,6.363739579892868,0.12863101953476178
macs0717,cats_v4.1,kappa,chandra_xray_sigma1,1000,1000,576,24,1.2794907183005164,500,1.2927076005961393,0.1143343792172719,1.12807678394917,1.284287893999208,1.502955247653915,0.0875670489241242
macs0717,cats_v4.1,kappa,chandra_xray_radius_exposure_residual_z,1000,1000,576,24,1.3400263538382833,500,1.337971008577442,0.14294249818357355,1.106597386390417,1.3407671117295674,1.565818768816041,0.10894750212928812
macs0717,cats_v4.1,magnif,chandra_xray_sigma1,1000,1000,576,24,1.280851431906912,500,1.2899119896912203,0.11680795828408005,1.1156769094070371,1.2820342812103767,1.5054374301470377,0.08988667508974978
macs0717,cats_v4.1,magnif,chandra_xray_radius_exposure_residual_z,1000,1000,576,24,1.3359227478667404,500,1.3341131025040454,0.1318017424153232,1.1029952891011712,1.343346997855222,1.5380889122133903,0.09972104401625013
macs0717,diego_v4.1,kappa,chandra_xray_sigma1,512,512,576,24,1.085229563297202,500,1.0856556588198971,0.14811576505163196,0.8484275757130002,1.092289814654284,1.3321730056183685,0.13973364215379874
macs0717,diego_v4.1,kappa,chandra_xray_radius_exposure_residual_z,512,512,576,24,3.747010765895282,500,3.7498801952830063,0.582501822799706,2.830229266936779,3.7423773663359112,4.678036019781672,0.1596817057371999
macs0717,diego_v4.1,magnif,chandra_xray_sigma1,512,512,576,24,0.8937138660745525,500,0.8951703959737464,0.12775474948251478,0.6848860861743391,0.8884468736017277,1.1054780643417108,0.14582304506974994
macs0717,diego_v4.1,magnif,chandra_xray_radius_exposure_residual_z,512,512,576,24,2.532624067733556,500,2.5365501237090657,0.3317619239762794,2.0352086681746417,2.5287552045996584,3.081536449997819,0.13245470161205905
macs0717,williams_v4.1,kappa,chandra_xray_sigma1,878,878,576,24,1.601177409005233,500,1.6120605967126571,0.19846593535992682,1.3182266910919558,1.5898428390378598,1.9512248541078872,0.12070560716410955
macs0717,williams_v4.1,kappa,chandra_xray_radius_exposure_residual_z,878,878,576,24,3.68910640404035,500,3.6722859717801457,0.64638526980712,2.679121530429111,3.66014330953265,4.781391248291881,0.1811376324839384
macs0717,williams_v4.1,magnif,chandra_xray_sigma1,878,878,576,24,0.7973760056132302,500,0.7964933996111244,0.14612781232321717,0.5591610802958576,0.7926680303180512,1.0266040344099692,0.18952010699631475
macs0717,williams_v4.1,magnif,chandra_xray_radius_exposure_residual_z,878,878,576,24,0.8728661889902655,500,0.880154147335036,0.19099013547063956,0.5785686376653203,0.8704526182955361,1.211289713011788,0.22223806654765127
macs1149,merten_v1,kappa,chandra_xray_sigma1,168,168,422,24,1.602256511253349,500,1.5986304918114418,0.18093505104619745,1.2969416046533824,1.6009489490326976,1.907574836012818,0.11500027079453477
macs1149,merten_v1,kappa,chandra_xray_radius_exposure_residual_z,168,168,422,24,1.7767637549088937,500,1.7842327932669706,0.242929812442407,1.3967803106133516,1.7772881659146185,2.2038033265553834,0.13900202448964796
macs1149,merten_v1,magnif,chandra_xray_sigma1,168,168,422,24,1.6195388664231778,500,1.6262174438333992,0.1844503333682193,1.3353650589691795,1.618996976464768,1.9400974133303086,0.1131205548305395
macs1149,merten_v1,magnif,chandra_xray_radius_exposure_residual_z,168,168,422,24,1.8043536443928987,500,1.7960877256180545,0.2208846306836226,1.4201915087630705,1.7918329310510615,2.1568098723801454,0.1255015334457143
macs1149,cats_v4.1,kappa,chandra_xray_sigma1,1000,1000,576,24,1.4021305435893738,500,1.421120517921472,0.15608698217735043,1.1723675583356463,1.417655837808794,1.6872549265895291,0.10958694824032006
macs1149,cats_v4.1,kappa,chandra_xray_radius_exposure_residual_z,1000,1000,576,24,1.7675855857231737,500,1.7672990844022378,0.17543118711145325,1.4866155846577882,1.7591202985392425,2.0553004598613436,0.10039135170669958
macs1149,cats_v4.1,magnif,chandra_xray_sigma1,1000,1000,576,24,1.4257502570369933,500,1.4502106356756952,0.15008565554229245,1.2185770421212208,1.4363521283459448,1.7089990061764009,0.10280549136253227
macs1149,cats_v4.1,magnif,chandra_xray_radius_exposure_residual_z,1000,1000,576,24,1.8324552633530888,500,1.8239787914716303,0.16811561007725084,1.542808476168261,1.8254928184380796,2.0798896526839075,0.0925644967207051
macs1149,diego_v4.1,kappa,chandra_xray_sigma1,512,512,576,24,1.3628310891811253,500,1.3759739099344084,0.13848704471038845,1.1671485164514195,1.3647089864324857,1.6310813829131607,0.09924783589894816
macs1149,diego_v4.1,kappa,chandra_xray_radius_exposure_residual_z,512,512,576,24,2.042778021741274,500,2.045374094045937,0.3437121807709925,1.5035870649528076,2.0329107698273408,2.6626945325425138,0.172423111969045
macs1149,diego_v4.1,magnif,chandra_xray_sigma1,512,512,576,24,1.3689548702793093,500,1.3838263326978992,0.14113534810333908,1.1646283138339568,1.374978290090618,1.6190912521675989,0.1007535304827809
macs1149,diego_v4.1,magnif,chandra_xray_radius_exposure_residual_z,512,512,576,24,1.859622945185384,500,1.8762765344378203,0.27884646495835597,1.4380399933438193,1.8655635331981495,2.3519650148590205,0.15145795838718185
macs1149,williams_v4,kappa,chandra_xray_sigma1,698,698,576,24,1.1766684643821619,500,1.1771880663810135,0.12927295443127224,0.9741821696709776,1.1693203012286186,1.3865333749996334,0.10824592827309434
macs1149,williams_v4,kappa,chandra_xray_radius_exposure_residual_z,698,698,576,24,1.4397184752869192,500,1.4143292625647084,0.5951842618789305,0.520893753696459,1.3508508637313397,2.5238744693300985,0.537343796691262
macs1149,williams_v4,magnif,chandra_xray_sigma1,698,698,548,24,1.0866982549895312,500,1.086982286824541,0.1309636326355414,0.8697593803485778,1.0827321829230854,1.2984636166228267,0.12087358805746602
macs1149,williams_v4,magnif,chandra_xray_radius_exposure_residual_z,698,698,548,24,2.515749511559718,500,2.526248256814378,0.5211612012940088,1.7704947511771192,2.493122522778089,3.4514740693074595,0.20525962845202736
